-2.6785,0.37644,0
-1.5454,0.98615,0
-2.6088,1.4232,0
0.7432,2.1126,1
1.6765,0.21442,1
-1.1108,0.25774,0
-2.4539,-0.027076,0
0.89152,1.2984,1
0.83431,0.5819,1
2.4718,1.5033,1
-0.43197,0.50631,0
-0.42204,1.6511,1
1.6391,0.9425,1
-3.2593,0.95912,0
1.3417,2.1676,1
-2.6376,3.0423,1
-2.5963,0.28254,0
-0.68575,-0.25272,0
1.3521,-0.28905,1
-0.026109,0.4498,1
-1.4451,1.151,0
0.86572,0.76322,1
-2.22,0.81283,0
-1.141,2.8199,1
2.9893,0.39155,1
4.3382,-1.7165,0
0.25302,-0.0020976,0
3.2149,0.50606,1
1.6623,0.72844,1
-1.0686,-0.10052,1
-1.9634,0.31629,0
-0.0081157,0.70674,1
3.2708,0.40207,1
1.6059,-0.58743,1
-4.6897,0.72679,0
-0.62177,0.18557,0
-3.7528,0.55301,0
0.86664,1.7873,1
-3.1149,0.24724,0
2.3038,0.41808,1
-3.8932,0.47606,0
-3.6233,0.56926,0
-0.42985,0.11964,0
4.3168,0.54629,1
-0.9531,-0.37922,0
2.9768,-2.0655,1
-0.0090144,1.7334,1
-0.94124,-0.052374,0
-1.1833,0.43255,1
1.0779,-0.52009,0
2.7747,-0.131,1
-4.4897,2.7108,0
0.43039,1.8302,1
-1.9535,0.24185,0
4.7759,0.21956,1
-0.392,-0.26668,0
-0.12755,1.1577,1
-1.3901,3.1499,1
-1.7969,-0.34826,0
-0.72429,0.68655,0
0.67933,-0.05785,0
1.111,3.716,1
-1.6395,-0.22652,0
2.5624,-1.9975,1
5.6973,-0.19809,1
-1.6283,-0.35478,0
-1.8664,1.2446,0
2.804,1.9537,1
0.36055,0.097071,0
-0.77401,2.2043,1
-3.3573,0.099073,0
2.9471,-1.1381,1
4.5831,0.82456,1
3.769,1.7682,1
2.5725,-1.4374,1
-1.2399,3.3024,1
1.695,1.8241,1
4.9325,-1.1129,1
-1.9345,0.46628,0
0.62441,1.133,0
-1.8077,-0.049211,0
-0.39899,1.1221,1
1.3806,-0.2755,1
-3.923,2.1965,0
3.9676,1.0178,1
-2.4091,0.1769,0
0.49265,0.84269,1
0.27461,0.3357,0
-1.1195,-0.1584,0
2.0253,1.0047,1
1.4994,1.7759,1
-2.9327,0.025608,0
-1.6971,1.2344,1
2.6354,-1.0689,1
-2.9628,0.9952,0
1.5228,2.3434,1
3.7925,0.00041058,1
3.4827,-0.69668,1
-0.43222,2.8804,1
-2.316,1.4639,0
1.0368,1.5611,1
0.57321,1.552,1
0.83908,-0.90332,1
0.93976,0.24219,1
-1.0159,-0.95388,0
-1.3613,0.99801,0
-2.3625,0.79596,0
-2.0885,0.16974,0
1.5572,3.0755,1
-0.37759,1.3424,1
-0.94438,0.48665,0
0.78501,0.96882,1
-1.9923,0.7727,0
0.17775,3.2036,1
-0.54342,-0.25807,0
5.461,-0.27255,1
1.0754,2.7571,1
1.7861,3.0415,1
-1.793,1.5191,0
-0.13231,2.9253,1
-0.40188,4.6552,1
0.27769,-0.39148,0
-0.9782,1.102,0
0.39412,0.58726,0
1.128,1.7849,1
0.62644,0.84212,1
-0.26401,1.9401,1
3.5485,-1.9169,1
2.0569,-1.0539,1
2.6622,1.6011,1
-3.2579,0.96248,0
2.7725,1.363,1
-0.65169,-0.15643,0
3.6606,-1.0044,1
1.5648,2.3983,1
-4.0533,0.080436,0
-1.6045,0.74236,0
-2.711,1.2979,0
4.582,-0.87533,1
-0.99172,1.2001,0
-2.5774,1.8989,1
-2.1411,0.6979,0
-1.3823,5.194,1
-1.3389,-0.55354,0
-2.6621,0.43028,0
0.35427,1.9726,1
-1.1734,0.556,0
-1.0654,0.90801,0
-0.16957,0.17605,0
-3.3936,1.8365,0
-3.4291,0.22377,0
-0.098278,1.7838,1
2.2638,0.77872,1
1.5135,2.895,1
-2.322,1.5527,0
-0.36659,0.72252,0
-2.7706,1.3799,0
1.1154,2.0242,1
-3.4642,0.70062,0
-2.073,-0.098096,0
2.4733,0.21183,1
-0.79452,1.495,0
2.077,0.3724,1
-3.086,2.1504,0
-1.645,0.10582,0
-3.6438,1.4307,0
1.2679,1.7526,1
-1.9186,1.6154,0
-1.9237,-0.089969,0
-1.761,-0.52369,0
2.8445,2.6036,1
1.049,1.8548,1
1.2135,1.7984,1
-0.24144,2.8713,1
-1.4719,0.87438,0
-1.1731,1.3023,0
3.5043,1.6278,1
3.6683,-0.39338,1
3.8009,-2.7029,1
-0.95502,-0.91871,0
3.4046,0.32229,1
3.1915,-0.069898,1
4.9401,-2.8261,1
-1.8824,1.297,0
-1.2191,2.5605,1
-2.3826,0.36652,0
-0.079966,2.2646,1
3.2359,2.5966,1
-0.55277,0.15914,0
-1.1554,0.49379,0
1.3334,0.57014,1
-2.2116,0.41445,0
1.0888,2.8286,1
-4.3376,1.4195,0
3.0253,2.2862,1
0.19144,-0.94715,1
6.2213,-2.6754,1
2.694,3.4932,1
2.4759,3.2436,1
-2.5846,1.1344,0
0.62519,0.83734,1
3.0207,0.2029,1
4.1085,-1.535,1
0.55653,4.8208,1
-0.83252,3.3775,1
-1.4221,-0.15509,0
-0.95527,1.5115,1
0.0026966,2.8899,1
-1.3083,0.48807,0
0.0096088,-0.48578,0
-0.11294,0.1784,0
5.9628,-1.9285,1
2.7169,0.079832,1
-3.2369,1.2391,0
-1.3391,-0.019954,1
3.5355,0.27932,1
-1.1769,4.6792,1
-1.8943,-0.72483,0
-0.14827,0.13195,0
-0.11607,-0.63348,0
0.42516,1.6566,1
-1.4437,-0.97038,0
-0.98395,2.2727,1
0.7751,1.0461,1
-1.7964,0.66257,0
0.63908,0.85781,1
1.6768,0.50569,1
-2.2469,0.64246,0
1.9291,0.8271,1
-2.8395,1.7291,0
1.9741,1.6665,1
-1.6527,0.56973,0
2.1992,-0.43973,1
1.3932,0.62333,1
-0.47928,0.06673,0
-2.004,2.9526,1
3.0901,2.2931,1
5.4615,-1.3663,1
0.39151,-0.14069,1
-5.0711,0.73896,0
-0.66815,-0.61137,0
0.1188,1.5508,1
1.0072,3.8403,1
6.3116,-3.1939,1
-2.1346,1.5303,0
3.4451,0.193,1
-3.6932,0.7802,0
-0.44461,1.5238,1
2.8294,1.0085,1
0.96587,0.52841,1
-1.8018,-0.24311,0
3.7582,0.060362,1
-0.57298,0.61885,0
3.0491,0.3852,1
-2.1853,0.062247,0
4.6862,-1.6208,1
3.0651,-0.48976,1
4.3469,-0.84987,1
-1.0913,-0.18991,0
-3.9847,0.29728,0
-3.3833,0.97796,0
1.2208,-0.017344,0
-0.96904,1.0677,1
2.6708,0.92337,1
2.8242,-0.73439,1
-3.9116,1.0395,0
2.9073,0.49578,1
0.13221,-1.4884,0
0.072081,2.9828,1
3.5336,-0.4623,1
-4.1542,0.79246,0
-0.11266,2.7416,1
1.8217,-0.69041,1
-0.92258,0.29684,0
0.52955,0.12219,0
-0.88475,2.2537,1
0.62889,1.2108,1
3.0927,1.3141,1
1.6082,2.1505,1
-1.9193,0.62407,0
0.42671,2.9754,1
2.6374,0.49249,1
0.68381,0.25374,1
-0.36544,0.78896,0
2.6672,-1.5581,1
-0.45697,-1.4002,0
-1.9311,1.398,0
1.5458,0.25414,1
3.67,-0.58286,1
2.4395,2.3978,1
-0.80665,4.1079,1
3.6985,0.39182,1
3.3091,-0.47485,1
-3.2675,0.74942,0
-1.2519,0.10614,0
-3.5953,0.24198,0
2.3451,1.0455,1
-1.1403,-0.48584,0
-3.604,0.70289,0
-4.809,1.0733,0
-0.77057,-0.33962,0
2.0186,0.97684,1
-2.3101,0.49881,0
-2.7412,0.16479,0
2.1383,-0.44898,1
-2.6459,0.96383,0
-3.6465,-0.014253,0
2.6939,0.88419,1
0.28866,2.5528,1
2.3804,1.1345,1
-5.1864,1.4226,0
-4.6417,1.2753,0
1.1107,2.2497,1
-5.4329,2.8353,0
-0.28107,-0.55946,1
-3.0972,0.5468,0
0.68823,0.65677,0
-2.1939,1.147,0
-2.1735,-0.40106,0
-1.3083,-0.57689,0
0.07366,-1.7279,1
0.4103,0.22117,1
3.715,0.7502,1
-2.0364,0.57642,1
2.3088,1.1055,1
2.4376,0.88265,1
-2.6456,-0.11142,0
-1.638,0.26954,0
-0.23866,2.4595,1
-4.5977,1.4201,0
-2.6022,0.59295,0
1.1184,-0.37998,1
-0.27107,0.47631,0
0.71604,3.3199,1
-1.389,0.25583,0
-0.8601,1.6962,0
3.6065,2.5575,1
0.84489,-0.28993,0
2.259,0.71195,1
-1.6536,-1.0054,0
3.0344,0.20759,1
0.91566,2.8263,1
1.5666,0.14313,1
0.0013502,2.7827,1
-0.74898,-0.57457,0
-2.4562,0.16049,0
-3.4454,-0.27595,0
-2.8139,1.2514,0
-3.1379,1.4331,0
-5.0178,1.7883,0
0.98038,4.2535,1
-1.4717,0.16529,0
2.3043,0.81047,1
-1.5286,0.31091,0
5.7544,-0.72447,1
0.43398,3.9722,1
2.1171,0.63242,1
3.8285,0.20527,1
-1.2279,1.1316,1
3.0502,1.0389,1
2.902,2.0995,1
1.3597,1.0719,1
-1.2398,0.81726,0
4.1034,0.62072,1
-3.0726,1.3689,0
-2.7556,0.13736,0
1.8873,0.27169,0
-0.83046,2.503,1
-2.3435,1.2961,0
-0.031097,-1.0596,0
4.9681,-0.61077,1
-1.1227,-0.58594,0
2.8742,0.38013,1
1.9082,2.2229,1
3.8303,-1.3758,1
4.7353,-0.64832,1
0.19508,2.5751,1
-4.6499,0.49385,0
-3.6814,0.57555,0
-2.0871,0.56921,0
-0.18062,0.088819,1
0.23635,3.9599,1
2.8309,-0.14791,1
1.542,-1.3273,0
3.516,0.98082,1
-1.6029,0.96825,0
2.575,0.10976,1
2.3199,1.2118,1
-2.6277,1.0852,0
4.1068,-1.0735,1
4.4221,0.7826,1
-0.78872,0.18804,0
1.6969,-1.6902,1
-1.0913,1.2161,0
1.0987,-0.85393,0
4.1593,-2.7986,1
-1.5847,0.16106,0
4.4501,0.24525,1
-4.5617,1.0984,0
-1.284,1.2061,1
2.3473,-0.82999,1
0.41832,0.68298,0
-1.7712,0.19377,0
-0.5169,0.26722,0
4.9163,-0.50301,1
-2.1471,0.94641,0
-2.6324,0.21931,0
0.45871,0.83805,1
3.9179,0.30902,1
0.33211,-1.3039,0
-1.2245,-0.23362,0
-2.8403,0.4595,0
-2.3894,0.085862,0
0.21106,0.43209,0
0.62987,2.2988,1
-0.00025201,3.9423,1
-0.42132,3.0067,1
-2.063,0.064832,0
5.1113,0.76801,1
0.262,2.3287,1
0.11464,3.2516,1
1.1346,1.3981,1
2.5506,0.60247,1
1.4004,-1.3936,0
-1.7066,0.26028,0
1.0496,1.3659,1
3.04,-1.0441,1
6.3863,-1.9419,1
-2.1153,0.4826,0
-0.14093,0.72491,1
2.4822,0.57515,1
0.79652,-0.87559,0
-3.0224,-0.29623,0
-2.2554,0.017099,0
3.0146,-1.4174,1
-1.2205,-1.8418,0
4.2162,-3.4815,1
2.4369,-0.45994,1
-4.4103,1.9359,0
-3.0368,1.9326,0
-4.0131,1.0794,0
-0.02717,4.1323,1
1.6394,-0.26773,1
-3.8153,1.0022,0
-2.6109,-0.58171,0
-3.8651,1.3024,0
-0.36793,-1.2318,0
-0.76762,1.3077,0
2.811,0.12675,1
-3.738,0.9595,0
-0.53796,0.043693,0
0.32617,-1.0036,0
0.15746,-0.040448,0
-1.5674,1.0145,0
1.8385,2.1015,1
-0.19226,-0.78105,0
2.148,2.8398,1
1.6047,3.4967,1
-0.20875,2.763,1
-1.8729,0.09382,0
2.3692,2.2392,1
2.1117,0.62257,1
-0.67727,0.63512,1
-1.3122,0.62232,0
-3.0066,1.0215,0
-2.1011,0.37849,0
1.0524,2.9736,1
5.0053,-1.9103,1
-2.5677,1.2485,0
-2.9253,0.97572,0
0.52016,0.68412,0
-0.38067,-2.1272,0
-3.2449,0.038775,0
-3.4772,0.56112,0
2.9056,2.5705,1
0.85129,2.804,1
1.7485,0.16486,1
-2.6955,0.55396,0
-2.5867,-0.18695,0
2.3867,1.4679,1
-0.49653,0.46499,0
0.11343,0.76262,1
-2.7487,-0.077992,0
-1.6821,0.78779,0
-0.016543,1.3146,1
-2.8865,0.76209,0
0.6012,1.2596,1
3.7422,-0.42272,1
3.9781,1.5366,1
-0.34444,1.7447,1
4.2932,-1.6247,1
-2.8485,0.94463,0
-1.5256,0.45671,0
2.7578,0.16473,1
2.3035,2.9888,1
-2.8623,1.5774,0
-0.24098,3.024,1
0.159,-0.38119,0
-1.3742,0.1793,0
1.9917,-1.1381,1
2.0587,0.94523,1
1.6522,3.2572,1
0.65439,0.2273,1
-0.73971,1.0417,0
-3.671,0.3462,0
1.5321,1.6161,1
-3.7241,0.55319,0
0.85699,-0.081193,0
2.911,-0.85546,1
-1.8825,0.90492,0
-3.4778,-0.85679,0
-2.5822,1.2943,0
-3.6659,0.55625,0
-1.7687,0.19884,0
-1.3778,0.76946,0
-1.9677,1.1157,0
1.1568,0.16403,1
-1.5055,2.2666,1
3.0989,0.5164,1
-0.99903,4.4826,1
3.5883,0.28136,1
0.11467,-0.26959,1
-0.50906,-0.85103,0
2.1841,0.11243,1
-1.5583,0.51475,0
2.3688,-1.678,1
0.94137,-0.0010412,1
1.468,0.35469,0
0.91906,1.1466,1
-2.7186,1.8262,0
1.8301,1.9225,1
3.0547,0.45107,1
3.0466,-0.36694,1
3.5245,-0.018792,1
-0.48569,0.16694,0
4.2353,-0.19682,1
3.7757,-2.3262,1
-0.87751,0.013807,0
2.5717,-0.79492,1
-0.45733,-0.61215,0
-1.5368,-0.61402,0
2.0574,0.12129,1
2.8872,-0.22996,1
4.2486,-3.0183,1
-4.3536,0.98019,0
3.4477,-0.13938,1
1.9769,0.88686,1
-0.90748,-0.27648,0
3.0133,1.3173,1
2.1358,0.67426,1
0.18178,-0.018504,1
4.7703,-1.454,1
-1.3542,-0.4957,0
-1.5156,0.82227,0
2.5543,-1.2226,1
1.8292,-0.82104,1
4.7842,1.0884,1
-2.2688,0.20501,0
4.1653,0.21482,1
1.8806,-0.66182,1
0.69736,1.3585,1
-0.36272,3.4473,1
2.7494,2.6174,1
0.9954,-0.76482,0
1.8019,-0.78722,1
3.1047,-0.30315,1
-0.69979,0.22585,1
2.5363,-0.5514,1
6.6255,-0.95119,1
3.3716,-3.2023,1
-2.5719,0.99097,0
1.9344,-1.0225,1
-0.86458,0.7669,0
3.1204,-3.2074,1
1.4712,1.6814,1
-1.7175,0.57345,0
-3.7512,0.52052,0
2.5832,-0.61165,1
0.76884,3.0216,1
-2.4048,1.0716,0
-3.4325,1.6361,0
1.2595,1.5101,1
-0.14383,-0.25877,0
-0.060616,0.32494,1
1.9095,1.0192,1
3.9578,-0.48906,1
-0.31092,0.5194,0
0.51336,2.9883,1
-0.67501,2.5518,1
2.3974,-0.90414,1
2.325,1.6358,1
0.65343,-1.5916,1
2.703,-0.21961,1
1.8258,-0.64683,1
3.2735,-3.1141,1
-2.8099,0.99692,0
0.91922,-0.015357,0
1.9983,2.1505,1
-2.771,1.3153,0
3.4104,-0.36261,1
-2.6142,0.21079,0
-2.6915,0.53522,0
-3.1886,0.84131,0
1.127,0.28007,1
1.3879,1.889,1
-2.2018,0.14101,0
-3.7622,0.85204,0
0.42646,2.7304,1
2.9276,-1.5813,1
3.4119,1.0719,1
-1.8745,1.3285,0
-1.6854,3.034,1
-3.3601,1.0606,0
4.8804,1.7679,1
1.1141,1.9082,1
1.49,-0.71684,1
3.2468,-0.72543,1
-2.0157,0.090592,0
1.671,1.6969,1
3.3159,0.90114,1
1.0298,-0.34423,1
-0.40943,0.87418,0
0.61462,0.005391,0
0.69858,2.495,1
2.0904,1.1548,1
-3.8058,0.10382,0
2.1334,0.71548,1
-0.72844,0.28339,0
-0.30938,0.077,0
-2.8276,0.72609,0
-1.6545,-0.060067,0
2.8829,0.89801,1
-2.0978,-0.52511,0
2.6941,-1.2983,1
0.24307,-0.30448,0
-5.852,0.92074,0
0.076507,1.1042,1
-3.4651,1.2035,0
5.4656,-1.2811,1
0.56862,2.5016,1
-1.9657,0.0015981,0
0.4359,0.15435,0
1.1671,0.49735,1
2.4062,1.3318,1
1.5101,0.94036,1
2.9538,0.49263,1
1.7218,0.28969,1
0.30735,-1.3784,0
-2.9119,0.56548,0
3.7763,-0.60305,1
4.3797,0.53522,1
1.5612,1.8241,1
0.16917,0.0061268,1
-0.54981,0.17988,0
-1.1568,-0.1517,0
0.60103,-0.25889,1
1.2037,1.6697,1
0.99963,1.9935,1
-3.6204,1.1902,0
3.5792,-0.77086,1
2.0515,1.5379,1
2.3324,1.7555,1
-1.2748,0.067148,0
-0.31126,0.027165,0
0.15763,3.0286,1
3.329,0.55831,1
-2.8108,0.50691,0
-1.0346,-0.56512,0
-2.0643,0.59237,0
-1.5726,-0.061001,0
-1.5563,2.0126,1
1.3937,5.1026,1
-1.7918,1.765,1
0.41285,0.51267,1
1.7041,1.607,1
0.2205,-0.057056,0
3.1257,0.68032,1
-2.9979,-0.58438,0
-2.7987,0.53744,0
-2.7778,0.20739,0
1.2398,-0.42662,1
2.7158,1.1874,1
-0.54233,0.84183,0
0.46575,-0.54987,1
-2.1984,1.0177,0
-2.9872,1.4571,0
1.8567,1.8183,1
2.4344,-1.3309,0
1.272,-0.97247,0
-3.869,0.97947,0
-4.3681,0.071307,0
2.5818,1.4375,1
1.0117,1.9656,1
1.0398,0.69848,1
1.3504,3.2342,1
0.70939,-1.3506,0
4.5569,0.26712,1
2.382,1.3269,1
-1.9056,0.25427,0
0.62131,2.1374,1
-2.6275,1.3182,0
3.0046,0.21319,1
2.7977,2.4731,1
-0.94989,-0.33072,0
-0.75712,-0.04011,0
-1.2444,3.7731,1
-1.7776,1.1861,0
-0.83118,2.8575,1
2.0008,1.6964,1
2.5559,1.3028,1
1.1708,2.0306,1
-3.0924,1.2674,0
4.343,-0.16,1
2.5891,1.315,1
-0.28851,-0.48158,0
-0.33495,-0.35489,0
3.5341,0.67885,1
1.8213,3.4255,1
-0.13697,0.42267,1
5.6785,-1.0582,1
-1.9294,1.2877,0
1.3294,0.029937,1
-2.4669,0.75115,0
2.9681,1.1162,1
-0.057671,2.5166,1
1.2499,1.7427,1
1.011,1.9337,1
0.21911,-0.72955,1
-2.6785,1.0456,0
3.725,-1.7784,1
-0.25108,0.15033,0
3.2257,-0.11076,1
-0.21606,-0.21723,0
-4.7521,0.94931,0
0.74665,1.0794,1
0.12005,0.17879,1
-2.9935,0.99569,0
-1.3391,1.9644,1
0.47713,1.9814,1
-0.82081,0.72033,0
0.94722,-0.60398,0
-1.3013,0.19134,0
4.0415,0.17521,1
2.9134,-2.7601,1
-3.6749,0.5763,0
-2.3499,0.30247,0
3.6649,-0.14211,1
2.7644,1.3786,1
-0.9231,0.45585,0
1.7743,1.2924,1
0.37282,1.17,1
-0.49589,1.1324,0
-2.6384,-0.23276,0
-2.9016,-0.14101,0
-3.9878,1.301,0
-2.0085,-0.10066,0
-0.49963,0.37659,1
-0.57657,0.38157,0
1.3921,0.37816,1
0.046782,-0.026164,0
-0.54559,0.4569,1
-2.2503,0.079145,0
0.92109,-0.9078,0
-1.6997,-0.42159,0
-1.4163,-0.1662,0
6.2691,0.54239,1
-1.4126,-0.41171,0
3.3709,0.58496,1
1.2767,2.3247,1
-2.1966,0.78062,0
-1.7855,2.0022,1
-2.2035,0.60711,0
0.0029871,1.8567,1
-4.0738,1.7767,0
1.9258,0.83093,1
2.914,1.7081,1
1.2905,0.43882,1
-1.2112,0.36409,0
-1.4773,-1.2016,0
1.6497,-1.271,1
-3.8808,0.86818,0
-0.34593,0.093157,0
-1.4882,0.06704,0
2.0965,0.50325,1
-1.3007,-0.26978,0
1.8368,0.60908,1
3.2022,-0.93078,1
2.9551,1.2238,1
1.085,2.6204,1
-4.2966,1.0043,0
-0.89743,0.55932,1
-2.8333,0.68026,0
3.783,-0.19624,1
-1.3195,0.96814,0
-2.0076,-0.20784,0
-2.3532,-0.51981,0
-2.738,1.4664,0
0.4317,2.3675,1
-1.7516,-0.37785,0
-2.2732,0.14307,0
0.31948,-0.59963,0
-1.373,0.52944,0
0.85258,-0.52989,0
5.8705,-2.5316,1
-1.6747,-0.94554,0
2.8199,-1.8458,1
-0.41384,3.3518,1
-3.1904,0.30183,0
1.2447,-0.72165,1
2.3606,0.33826,1
1.1474,0.99431,1
1.8568,1.8431,1
-1.2462,-0.12879,0
-2.3473,-0.3202,0
-1.256,-0.18327,0
-0.43669,-0.42367,0
2.531,0.75894,1
0.93555,-0.28759,0
0.84729,0.10425,0
1.0154,1.7019,1
5.7625,-1.9471,1
2.086,1.2807,1
-2.8848,0.89738,0
-2.7576,2.3564,0
-1.7833,0.98,0
0.92362,-0.14678,1
-1.141,-0.53787,0
3.2455,0.81433,1
-1.099,0.0084548,0
-0.67406,3.0579,1
1.7558,-0.43701,1
2.7086,0.64733,1
3.8415,-0.67009,1
1.0431,0.28351,1
-2.5002,0.47056,0
-1.3098,-0.65068,0
-0.42677,2.9515,1
0.63912,1.8542,1
-4.2963,0.12878,0
3.281,2.0313,1
-2.3306,0.82025,0
0.12779,-2.4677,1
1.1993,-0.16979,1
-3.2449,1.5915,0
-3.4736,0.65144,0
2.159,-0.18671,1
-2.4514,-0.68912,0
-2.4357,0.2882,0
-4.7326,1.6038,0
-3.1586,1.4079,0
1.9711,1.6985,1
1.168,2.3569,1
-1.8104,0.37802,0
4.8299,0.29388,1
-4.2913,1.3002,0
-2.8675,0.043948,0
0.35215,0.59964,1
2.2916,0.86966,1
3.5225,-0.22347,1
1.0178,-0.78989,0
-0.058588,-0.68016,0
-1.304,-0.20892,0
-0.48166,-0.40774,0
-0.77719,0.002487,0
1.4501,0.33687,1
2.2862,-1.4077,1
-0.58771,-0.35586,0
0.50745,0.89226,1
-3.836,0.71606,0
0.27373,-0.92393,0
3.2932,1.3965,1
-4.8432,1.0465,0
1.8698,2.1954,1
-0.38464,0.0018274,0
0.78613,1.9492,1
-3.5311,1.3332,0
6.2719,-2.1389,1
3.4372,-0.46732,1
2.8892,1.2939,1
-1.4264,-1.0364,0
0.21927,0.081496,0
-0.38692,0.50416,0
3.3354,0.21679,1
4.705,-1.5745,1
2.2262,-0.32915,1
-2.8559,0.90473,0
-3.113,3.0847,0
-4.0995,1.1639,0
-1.8229,-0.39886,0
-4.4664,1.0574,0
-0.67427,-0.029714,0
3.6851,-0.74866,1
-2.8731,-0.26019,0
3.0458,0.99368,1
-0.39055,-0.015399,0
-2.2042,0.8975,0
4.1566,-2.4572,1
-1.2068,0.09396,0
0.35743,-1.2554,0
-3.2342,2.2905,0
-2.1904,-0.055262,0
5.0041,-1.1448,1
3.4388,-0.090719,1
0.82471,0.55071,0
2.2351,1.7187,1
-3.6646,0.98728,0
-2.6562,-0.24616,0
-4.4546,0.81765,0
-2.091,0.38385,0
2.7753,-0.082404,1
0.069152,0.094271,0
-3.9115,1.4171,0
-0.083051,0.62025,1
3.4596,-0.61304,1
4.7358,-1.1726,1
0.26604,0.52586,1
1.9099,-1.7159,1
-3.8714,0.14326,0
-1.8887,3.7774,1
-2.713,0.50945,0
0.46277,-0.26236,0
-2.2184,0.79428,0
-2.5418,1.3554,0
3.5339,-0.51602,0
4.0286,1.2431,1
2.6498,1.5791,1
-1.4616,0.62386,0
-0.8863,0.87888,0
1.9198,1.6692,1
2.2468,2.7725,1
-2.8327,0.067454,0
-2.7841,0.1825,0
3.3182,2.1806,1
3.2098,0.3118,1
1.69,1.5929,1
3.763,-0.1167,1
3.4147,2.3974,1
-2.3987,-0.12765,0
1.9009,1.0537,1
2.9748,0.34399,1
1.6161,1.7131,1
2.5265,0.6493,1
2.0554,2.8241,1
-2.2995,0.026117,0
-1.2946,1.1683,1
2.9506,-1.7434,1
-2.6287,0.68262,0
1.1175,0.63943,1
-3.169,0.16513,0
1.7796,-0.66624,0
0.60159,-0.54508,0
-3.0306,-0.087224,0
-3.4263,1.5414,0
3.2311,-2.7552,1
-1.611,0.035463,0
-0.35952,2.8198,1
3.8398,-1.2951,1
2.5136,0.79281,1
0.035971,3.0079,1
3.0679,-1.3698,1
-1.4799,0.38478,0
-3.6874,0.58981,0
-0.74496,-0.90953,0
-2.7873,1.4076,0
0.5734,0.97083,1
-5.1674,1.2936,0
-2.1848,0.44688,0
1.0867,2.3403,1
-3.9841,0.032603,0
-1.4025,0.47482,0
1.9982,2.2113,1
1.1521,1.5197,1
4.6853,-1.213,1
-2.1205,0.57543,0
-0.3158,-0.21229,0
1.6165,0.35736,1
-2.4031,2.4022,1
1.8806,-0.31827,1
2.427,-0.62274,1
-5.2881,0.62289,0
2.18,2.3648,1
-0.88485,1.3453,1
0.69387,3.5844,1
2.6516,1.0579,1
3.5198,0.22161,1
-1.07,0.50003,0
0.44664,0.10098,1
-2.1788,0.82972,0
3.9462,-1.1844,1
-3.564,-0.73713,0
-3.5546,0.033579,0
-2.6245,0.14625,0
1.1699,1.836,1
-3.3152,0.28651,0
-2.7239,1.5568,0
1.7009,0.31252,1
-0.35647,0.76238,0
-2.5246,1.2529,0
4.6031,-0.73536,1
-1.8201,0.65698,0
0.84553,-0.65875,0
2.6941,0.067561,1
-1.6362,0.17557,0
0.65337,-0.74909,1
-0.10228,0.29451,1
1.1346,2.2137,1
-0.75305,0.52852,0
-1.6927,0.79942,0
-1.2773,-1.0769,0
-0.69861,-1.4134,0
-2.4013,0.9499,0
1.289,1.3306,1
3.0733,0.80824,1
-5.0549,1.6571,0
-0.50356,0.61267,0
0.62439,1.0716,1
2.6125,0.53907,1
-2.8481,1.2349,0
0.5966,1.6827,1
5.3596,-1.66,1
-1.7519,2.3945,1
-0.12586,0.099745,0
2.6513,1.5624,1
4.4036,-0.12453,1
-2.3766,-1.4118,0
1.9813,0.86199,1
-3.8389,0.13159,0
3.0313,0.38503,1
1.9853,-0.50884,1
0.66259,-0.3314,1
1.3553,-0.014679,1
0.52,0.58147,1
-0.74518,0.1302,0
3.2449,-1.4401,1
0.28434,1.4261,1
0.31624,1.9354,1
-3.5231,1.6922,0
-3.7943,1.8116,0
-0.55397,-0.81779,0
-4.6477,2.2202,0
2.6857,2.0573,1
-2.5108,0.29822,0
3.2329,0.279,1
1.4695,2.4521,1
-1.5174,-0.47133,0
0.98043,1.7236,1
-0.5343,2.8555,1
-2.0364,-0.13518,0
2.1426,-1.1971,1
-3.8162,0.46787,0
-0.59237,2.6588,1
0.99576,1.5592,1
1.1987,2.1474,1
-0.14245,-0.26021,0
-3.0793,2.8481,1
2.5552,0.00098697,1
-3.5874,0.86465,0
0.86326,0.31741,0
-0.38893,4.1105,1
1.792,0.91802,1
-0.19444,-0.77475,0
-1.4002,-0.07339,0
-1.5624,4.9348,1
4.2982,-0.46497,1
-1.3748,0.4153,0
-1.9523,0.30079,0
1.6673,-0.54102,1
2.7433,0.52608,1
-5.2536,1.3074,0
3.5308,-0.77222,1
1.7367,1.67,1
1.9476,-0.90883,1
0.42926,4.7922,1
0.1886,0.75288,0
1.0456,2.2106,1
0.86756,1.9398,1
2.9649,0.36265,1
0.65426,-0.10633,0
0.4229,-0.52507,0
-2.2814,0.70455,0
3.8394,-0.029058,1
4.3265,-0.10623,1
1.8481,1.5597,1
1.8175,0.53253,1
1.766,1.7114,1
2.6778,1.1617,1
1.0885,2.8645,1
-0.16743,-0.9542,1
2.5638,1.1965,1
-0.6041,-1.8243,0
0.3637,1.0576,1
1.1236,1.6386,1
1.1753,0.060026,1
-1.2455,-0.5633,0
2.0446,1.9398,1
-1.4776,0.053371,0
4.2379,-2.2515,1
3.0533,-0.43192,1
-1.4231,0.17557,0
-0.21576,3.9873,1
0.080963,0.055003,0
2.5362,-0.94123,1
1.5407,-1.0121,1
2.4225,-1.619,1
1.1989,1.5727,1
-0.1843,0.7703,0
0.49208,1.46,1
-1.6701,0.64731,0
-2.0193,-0.61278,0
0.054095,0.59931,0
0.70518,2.4888,1
-0.19404,3.6344,1
1.5307,1.5484,1
-2.6963,0.89564,0
1.1985,4.1486,1
-0.30841,-0.19929,0
-0.85095,0.83183,0
1.0771,0.87669,1
0.67838,0.095123,0
1.3143,0.58874,1
-4.976,2.2319,0
0.31509,-0.32962,0
0.65403,-0.065219,0
-2.0384,0.53169,0
-2.4158,0.73936,0
-0.96502,0.45389,0
-0.76648,-0.47184,0
-1.5837,0.42437,0
2.0001,1.2644,1
6.0199,-3.9654,1
-2.1263,5.0409,1
-0.33999,-0.81226,0
-2.964,0.15882,0
1.9199,1.7503,1
-1.6575,0.66445,0
-0.015914,2.4521,1
-3.2171,2.2855,0
-3.6191,1.6907,0
0.77581,1.0017,1
1.5373,-0.028447,1
0.05048,-1.4737,1
4.1012,-2.0398,1
0.031075,1.7359,1
2.5933,0.80452,1
-0.98105,0.28655,0
1.9667,-0.64249,1
5.0042,0.23767,1
1.3082,2.4915,1
-0.86716,1.3665,0
-1.0737,1.47,1
2.4873,0.1144,1
-0.072511,-0.92686,0
3.9519,-0.21761,1
1.8718,2.8024,1
-1.1115,0.61719,0
-0.41588,1.8501,1
4.3123,-1.579,1
1.0346,2.6232,1
-1.2042,4.6713,1
-2.9096,0.16388,0
-1.411,-0.30933,0
2.8367,1.1279,1
-1.5674,0.51512,0
2.3501,0.49077,1
-2.3003,0.92509,0
-2.8616,-0.18451,0
-1.3796,-0.53201,0
0.63762,0.30492,0
-3.2196,-0.91453,0
-1.4811,0.47014,0
0.33288,3.2223,1
-5.6506,1.4632,0
3.0278,-2.0298,1
2.6014,1.0793,1
4.1062,-0.85132,1
2.27,0.6192,1
-2.9818,0.80549,0
3.6637,-0.3033,1
2.3895,0.27919,1
-2.0766,0.79612,0
3.843,-2.5967,1
-2.7322,0.13152,0
-0.41881,0.36741,0
-0.34677,0.39712,0
1.7697,2.267,1
-4.4299,0.2364,0
-2.2909,0.98216,0
0.32263,-0.56216,0
0.44238,-0.77593,0
4.3091,-1.7225,1
1.136,2.0038,1
-3.067,0.28395,0
2.4032,-0.42789,1
4.9965,-2.2002,1
-0.14295,0.42725,0
2.2846,1.3529,1
-1.8422,0.78795,0
4.7606,1.5304,1
2.1549,1.9713,1
0.81769,3.4011,1
3.6717,2.6458,1
0.3014,0.45884,1
1.2284,2.3543,1
1.9467,-0.12131,1
-3.0504,-0.48968,0
-2.165,1.9259,1
3.1126,1.8816,1
-3.6348,1.579,0
-3.999,1.0133,0
1.0835,1.3309,1
-4.6386,0.97154,0
0.14357,0.98839,1
-3.6402,0.82591,0
1.7876,-0.39792,1
-0.37354,-0.8914,0
2.0098,0.023604,1
1.8918,2.0925,1
3.8225,0.29376,1
-2.9591,1.2711,0
-0.23566,3.2512,1
3.3459,-0.74558,1
-0.82444,0.94446,0
-1.3391,0.43808,0
-0.53848,3.9097,1
4.3833,0.70376,1
3.9869,0.36274,1
-2.9079,1.4445,0
3.5572,-1.1091,1
-1.2134,0.73976,0
2.5973,-2.7453,1
1.288,0.38482,1
-1.6783,0.85988,0
-1.5913,0.90679,0
-3.2932,1.4153,0
-3.9273,1.4566,0
0.77829,-0.019322,0
4.0484,-0.46254,1
2.3112,4.5686,1
0.32854,2.2494,1
0.069199,-0.91337,0
0.53119,-1.6143,1
2.372,0.64746,1
0.11738,1.3255,1
-1.8554,-1.0337,0
-1.138,3.6199,1
-4.2886,1.3185,0
-0.63753,-0.13267,0
-3.3811,1.1216,0
-0.22304,2.7504,1
2.6916,-0.66817,1
-0.54648,-0.15607,0
-1.3029,-0.42579,0
-1.0697,0.40728,0
1.2504,2.8339,1
1.465,0.1842,1
4.0869,-2.5906,1
0.38892,1.7799,1
-1.0595,-0.45591,0
1.3684,1.1743,1
1.5915,2.3066,1
1.184,0.82194,1
-0.16856,2.0947,1
1.6994,1.0227,1
-3.023,0.44482,0
-2.1459,1.1304,0
4.5744,-1.5879,1
-3.5485,0.68606,0
0.080572,2.5196,1
-3.5324,0.03097,0
-1.3411,0.18906,0
-0.9702,-0.18107,0
-1.5219,1.1985,0
-0.52701,-0.28856,0
0.7994,-2.068,1
-2.3699,-0.15477,0
2.9005,-0.46981,1
-2.6462,0.59854,0
1.3426,0.10173,1
-6.3997,1.3273,0
-1.0965,-0.58037,0
-5.3832,1.1951,0
-2.0701,0.15655,0
-2.7368,1.4083,0
2.2363,-3.7349,1
-2.4904,-0.86139,0
1.5532,-0.35843,1
3.3069,0.036907,1
3.5925,0.012371,1
-0.22064,3.2352,1
5.1206,-2.2389,1
2.0504,1.3696,1
3.4523,-0.93669,1
0.79647,2.0408,1
-0.99654,2.3422,1
-3.0054,0.90785,0
3.5057,-0.94585,1
-5.3644,1.6792,0
-3.7473,0.46885,0
1.4766,-0.39078,1
3.7483,-2.6308,1
-1.4923,1.1429,0
-3.8323,1.0231,0
2.7854,0.38078,1
-1.6378,-1.3595,0
4.1376,0.92406,1
0.67157,1.7999,1
1.6243,0.80157,1
5.0101,1.5733,1
4.3104,-3.7123,1
1.6599,0.39085,1
-0.42041,1.9207,1
3.0122,0.55431,1
0.71402,3.0768,1
3.9428,-0.057216,1
3.971,0.095134,1
2.0583,-0.09342,1
-1.2462,-0.60142,0
-1.467,3.9593,1
-3.0194,0.52637,0
1.0718,1.5924,1
-2.3629,-0.084978,0
1.9252,-0.62997,1
2.9082,-1.3815,1
0.28959,0.6122,0
0.37214,-0.013731,0
3.6006,1.1632,1
5.0621,-0.25309,1
-3.3049,-0.086886,0
-4.2679,0.79026,0
1.5806,0.37486,1
3.5436,-1.0976,1
-1.3941,-0.61691,0
-1.0736,0.013074,0
-0.19831,1.6286,1
2.5858,0.20766,1
0.60247,-0.92748,0
1.592,-0.10616,1
2.246,-0.89521,1
0.77026,-0.3727,0
2.136,1.8061,1
0.81315,-0.5437,0
2.8055,-0.40157,1
1.2004,1.4054,1
4.7839,-0.088676,1
2.8508,2.5081,1
3.1002,0.9127,1
-2.3053,0.74614,0
-2.2901,1.1747,0
4.763,-1.106,1
-0.17727,0.7168,0
-4.0986,1.4893,0
-0.9374,1.7017,1
2.8537,1.6509,1
1.5282,2.5123,1
-0.60288,0.014525,0
-2.839,1.9362,0
-3.1532,0.38574,0
2.477,-1.0447,1
0.38747,-0.28847,1
-2.9809,0.31895,0
2.0445,-0.82427,1
3.2246,-0.47321,1
-4.5477,1.4003,0
3.5823,-0.47188,1
-2.2471,-0.1495,0
2.1018,0.10004,1
-1.758,0.44079,0
3.3988,-0.51081,1
-2.9936,0.29262,0
0.75324,0.61796,1
2.0989,3.0641,1
-0.98377,-0.44811,0
2.5186,-1.3413,1
4.6926,-0.94309,1
-1.8176,-0.10302,0
1.7513,-1.3896,1
-1.8312,0.15224,0
-0.51909,0.12457,0
0.29015,0.38337,1
3.2851,2.8401,1
-3.5368,1.2872,0
-2.504,0.3674,0
4.5843,1.4244,1
-5.4852,1.4823,0
1.2712,1.9909,1
-2.2347,0.49124,0
-0.24818,-0.029401,0
0.0089367,2.0358,1
1.1629,0.50872,1
-0.36607,0.41733,0
-0.57705,0.36695,0
2.493,0.60548,1
-2.3326,0.66821,0
-0.90318,-1.0305,0
0.6204,-0.52299,1
-3.8886,-0.89776,0
-0.82487,-0.031903,0
-0.61147,0.1823,0
-4.2729,0.4908,0
-2.1406,1.0042,0
-4.0838,0.55815,0
-1.3792,1.7708,0
-3.947,0.21597,0
2.9077,-1.2168,1
3.8194,1.6454,1
-5.7256,1.1795,0
2.6101,1.8252,1
-1.8363,0.74983,0
1.656,3.2259,1
2.061,-0.77612,1
-3.3018,0.92384,0
2.9909,-0.43993,1
0.89672,3.7764,1
1.6531,-0.60623,1
-2.2996,3.0556,1
0.49682,-1.0746,0
0.433,-0.97428,0
-5.0907,1.8867,0
0.5675,2.8689,1
1.6126,2.9275,1
3.4881,-1.8674,1
-0.7584,0.69794,0
3.4987,1.3199,1
-0.23252,0.6234,0
3.7132,-2.9674,1
-2.4434,0.39253,0
-0.82895,-0.83777,0
1.6502,1.3533,1
0.41819,1.6813,1
2.7199,-2.0112,1
-1.4799,1.1864,0
-1.0788,1.2879,0
-0.46034,1.4777,1
0.2089,4.2593,1
-2.3944,1.0614,0
-0.065718,1.9894,1
-1.2166,0.78614,0
0.27789,3.1279,1
4.5693,-0.25771,1
2.7831,-1.6438,1
0.54639,-1.6044,0
1.1246,3.7932,1
-1.0719,-1.196,0
1.2167,0.10857,0
-2.2775,-0.475,0
0.18403,3.0444,1
-1.4502,0.41811,0
-1.3581,1.447,0
2.0344,1.756,1
-0.63687,0.95275,1
-4.0919,0.82191,0
5.4736,1.0071,1
-2.5277,0.832,0
3.7684,0.16818,1
-0.39753,1.1768,1
0.81957,2.7731,1
-4.7135,2.328,0
3.7079,1.0779,1
-0.33097,0.87787,1
5.8699,-1.1529,1
2.1559,2.1416,1
2.1367,2.2859,1
0.73612,0.45096,1
-3.07,0.51591,0
1.0605,3.7078,1
-1.2991,0.21426,0
2.4038,-1.4635,1
-0.15649,0.12037,0
-1.2175,0.5333,0
-0.017274,-0.51403,0
0.75124,-0.61105,0
-2.8165,1.4167,0
-3.1769,1.9998,0
3.4502,-2.9098,1
-4.7607,0.16572,0
3.5112,0.062682,1
2.2174,-0.57464,1
-1.9591,0.019578,0
2.999,0.75965,1
4.4597,-3.3968,1
3.5916,-1.3939,1
-1.8494,-0.065556,0
-1.4807,1.3635,0
0.67446,-1.1804,1
2.0442,0.12739,1
3.5378,1.1226,1
4.5623,-2.1841,1
0.6161,0.47793,1
1.1564,1.8523,1
0.77107,-0.56362,1
-4.838,1.6943,0
0.055761,0.6422,1
2.7972,-0.85042,1
-0.19633,2.0696,1
6.9513,-0.29927,1
4.6786,0.65721,1
-3.3394,0.97142,0
1.283,0.21189,1
-0.77935,2.1925,1
1.6373,-0.73445,1
1.3401,-1.5957,1
1.5431,-2.4487,1
-0.43999,3.1867,1
0.36724,4.0591,1
2.061,-0.80139,1
-5.3289,0.86624,0
-1.0913,0.29458,0
-0.66367,0.032401,0
1.2933,2.5131,1
4.1359,-0.77413,1
2.2989,0.22509,1
1.3916,0.8109,1
3.581,-0.64987,1
2.4116,0.35502,1
4.7526,-0.56372,1
0.94663,0.02002,0
2.2141,-1.8202,1
-2.5356,0.3854,0
0.78157,1.2329,1
-0.82098,-0.23325,0
-2.1409,-0.087425,0
2.0914,2.1075,1
3.3533,0.35148,1
0.55402,-0.27377,0
-0.23827,0.90312,1
2.564,-1.5098,1
-4.3194,0.90199,0
-0.6421,0.063783,0
-2.2247,1.2064,0
-1.6969,1.5241,1
0.71465,1.233,1
1.8478,2.0684,1
-0.2906,-0.65993,1
1.4431,-0.9354,1
2.8193,0.88148,1
-2.6354,-0.36744,0
-0.4736,-0.52428,0
-0.86816,-0.10743,0
1.2504,-0.49351,1
1.8867,0.70532,1
-2.4734,0.55592,0
1.5179,2.4271,1
-4.9281,1.1943,0
-6.0616,1.9032,0
-2.1349,-0.21781,0
-1.3572,-0.25301,0
4.2161,1.4547,1
3.9314,0.99642,1
-0.39153,-0.83938,0
-5.0186,0.89308,0
-3.1444,1.2886,0
-2.8006,1.4706,0
-3.1904,-0.5044,0
3.0563,0.35278,1
1.4914,2.1799,1
3.3462,2.043,1
-0.40151,0.1582,0
-4.0427,2.0363,0
-0.7086,0.17448,0
-2.7854,1.2861,0
-6.1449,2.5103,0
-0.22632,3.9077,1
2.2022,0.53476,1
1.3929,-0.37769,0
-1.8817,-1.326,0
-2.5341,0.49328,0
2.0207,3.5763,1
4.9467,-3.6362,1
-3.8534,0.16307,0
-0.70294,2.6525,1
0.52405,1.6975,1
-2.614,0.88138,0
2.265,-0.12685,1
2.5402,1.2976,1
-2.005,0.26238,0
2.0371,2.676,1
4.5806,-2.2128,1
-0.92712,3.7065,1
1.5682,-2.3349,1
-0.50171,2.4164,1
-1.5557,0.61785,0
1.2294,1.6886,1
-2.267,-0.20676,0
-0.60921,-0.52783,0
-2.775,-0.38022,0
-4.4126,1.6235,0
-2.8329,1.2194,1
2.4656,0.23701,1
-2.6035,0.55564,0
-1.121,0.59306,0
-2.8135,-0.068873,0
2.2306,-1.2386,1
-5.0153,1.9224,0
3.0922,-1.2498,1
1.2551,-0.24081,0
1.5914,1.8784,1
2.0683,0.79218,1
-1.657,0.026118,0
0.48277,0.38582,1
2.4498,-0.54283,0
-0.61815,0.063185,0
-1.7156,-0.37401,0
4.3008,-0.41991,1
1.788,-0.7558,1
-0.8274,0.53036,0
2.21,-0.66083,1
1.4669,-0.58745,0
1.4718,1.1138,0
1.2066,1.8486,1
2.0107,-0.63376,1
1.4631,-0.21028,1
1.1485,-0.54768,0
5.4813,-1.3391,1
-1.259,-0.45099,0
3.1981,0.43838,1
3.1766,0.24155,1
-0.93623,-0.45848,0
-5.6523,1.0393,0
3.7844,0.21989,1
2.2933,-0.93061,1
-0.28401,-0.18827,0
1.2964,-0.23802,0
-1.6997,1.1408,0
1.4186,3.2314,1
1.9333,0.47027,1
-2.1673,0.35936,0
-0.52173,0.057654,0
2.5644,1.2849,1
0.035841,1.7293,1
-0.0051778,-0.7547,0
5.4394,-2.1243,1
-4.7107,0.69203,0
-0.23893,-0.78346,0
0.046398,4.8072,1
0.34942,1.2685,0
2.7672,-0.62154,1
-0.81696,-0.14349,0
0.42246,0.8243,1
0.8564,3.2307,1
-4.1777,1.1481,0
2.1757,-2.4074,1
4.5957,-1.2322,1
-0.073919,-0.29326,0
-2.4552,0.19455,0
-0.3539,-0.17451,1
-2.8851,1.6207,0
-0.65073,-0.045977,0
2.8002,0.11662,1
-2.1704,1.2702,0
1.5491,4.534,1
2.1996,1.5813,1
-3.4207,-0.21208,0
1.3737,0.33989,1
1.1445,0.60207,1
2.6391,0.87444,1
-0.35291,-0.36238,0
-4.2839,0.91423,0
-1.5767,1.3051,0
1.2448,2.1347,1
-1.2049,1.9007,1
0.57393,0.047451,0
3.4498,-0.69596,1
2.5949,1.8282,1
6.1369,-0.37858,1
3.6171,-0.27672,1
-1.7368,-0.31443,0
-1.2605,-0.62664,0
2.7915,-0.83232,1
-1.1916,-0.88119,0
2.8137,3.5469,1
0.16508,0.83049,0
2.2869,0.57825,1
-3.5204,0.13413,0
-1.0279,-0.36821,0
3.8598,0.31004,1
-2.9584,0.79073,0
3.4019,0.91262,1
-3.4086,0.13447,0
1.1832,-1.6859,1
4.3285,0.56653,1
3.4121,0.19048,1
1.6401,1.464,1
0.56448,1.4766,1
1.7408,-0.78794,0
2.1757,1.5242,1
-0.38385,-0.44811,0
-1.1625,-0.10257,0
4.2944,-0.84769,1
-1.4625,-1.4875,0
-2.9507,0.99172,0
-0.25568,0.11586,1
2.2722,-0.34474,1
-1.6587,1.2446,0
4.0227,-2.5933,1
4.7633,1.3701,1
1.2344,1.1522,1
-2.5961,0.57871,0
-2.0095,1.1222,0
-2.972,0.91016,0
-1.1386,-0.018733,0
2.6051,-0.16598,1
-0.2819,-0.81767,0
3.4239,2.9018,1
-3.063,0.066093,0
3.3875,-0.21745,1
-3.9644,0.93534,0
1.925,3.0382,1
0.87681,1.7264,1
1.8428,0.17909,1
1.6373,-0.26325,1
-0.012872,1.1662,1
0.77874,-1.147,0
1.6832,-0.27468,1
3.3908,0.43983,1
-2.4,1.0665,0
0.25776,-0.98665,0
-1.7238,0.35226,0
4.2243,0.7563,1
-5.204,0.048799,0
-1.9236,-0.28741,0
-0.087182,-1.0835,0
2.9944,1.8263,1
-4.4628,0.82835,0
1.1269,-1.4681,0
-3.0339,0.67093,0
-5.8723,2.8028,0
-1.5398,3.0638,1
-4.0616,2.2337,0
-2.9521,0.2012,0
-4.9344,2.6321,0
-0.87544,-0.023879,0
-3.0272,0.98604,0
-2.4633,0.93684,0
-2.1328,0.59783,0
-1.5549,0.80409,0
0.99539,2.0435,1
2.0358,0.81829,1
2.4234,0.33053,1
-2.1856,-0.32645,0
0.23734,0.74732,1
2.4646,1.5066,1
-3.1621,0.72346,0
-1.4698,-0.043274,0
-1.2109,4.737,1
1.7653,-1.2077,0
-2.264,0.49065,0
-2.0425,1.51,0
-2.078,0.10645,0
3.7811,0.14264,1
-1.8562,0.58474,0
-0.98457,0.30678,0
-3.3578,1.0956,0
1.1132,1.3279,1
1.5058,-0.50551,1
0.99665,-0.46816,0
-2.5762,0.94667,0
0.1097,0.16447,0
2.5867,1.2486,1
1.46,1.9782,1
1.9638,-0.34154,0
2.0841,1.7015,1
1.739,1.0655,1
3.0128,1.5143,1
3.6823,1.849,1
0.032116,0.0074705,0
1.7954,-0.4201,1
2.2574,1.6522,1
-3.6207,1.2682,0
2.2805,0.58521,1
1.0167,1.3671,1
3.1589,-0.58368,1
2.9546,0.85635,1
1.4007,-1.0302,0
0.18329,0.21213,0
3.2859,-0.98987,1
3.0301,1.4215,1
-3.9646,1.0544,0
2.0316,2.1479,1
0.52332,-0.42992,0
-0.64019,0.0083016,0
1.7636,-0.54042,0
-3.3718,0.32854,0
-1.8279,0.32097,0
-1.8156,0.23004,0
-2.2426,0.63977,0
1.2269,-0.35507,0
-2.2409,0.70517,0
1.232,-0.64872,1
-1.8207,0.50259,0
4.0963,1.8115,1
1.5683,0.059703,1
3.0685,-0.85973,1
2.5275,-0.84219,1
1.3242,-1.7993,0
-1.5399,-0.51888,0
-3.8434,1.2899,0
-0.29811,1.2809,1
0.95046,-0.9083,0
0.67318,2.3243,1
-0.23494,-1.011,0
0.13982,4.1918,1
-2.137,1.6727,0
-4.5661,0.89069,0
-0.2332,0.23641,0
-3.4759,0.75889,0
5.5332,-1.4188,1
-1.7164,-0.84517,0
-2.319,0.43266,0
-1.9323,-1.0596,0
2.264,0.57184,1
-0.067651,3.1835,1
3.0232,-2.0245,1
3.5031,2.6208,1
1.8899,-0.2666,1
2.8352,2.4244,1
6.9491,-1.2548,1
3.2834,0.76735,1
-4.189,1.3177,0
-3.2563,0.39523,0
1.5036,2.0819,1
-2.0565,-0.45485,0
0.69613,1.5013,1
0.46109,0.65333,1
2.0287,2.4276,1
-0.44897,1.6751,1
2.4118,-0.43466,1
0.40174,0.65286,1
0.49685,-0.15647,0
-0.74692,0.57666,0
-4.4761,0.51044,0
-1.2355,0.963,0
1.3663,-0.55229,1
2.5188,-0.98302,1
0.53702,0.45959,0
-4.8958,0.47495,0
-3.5007,1.4354,0
0.63922,1.3758,1
-1.7452,-1.1574,0
-0.031915,2.8775,1
-3.8119,0.59743,0
0.53427,1.8211,1
1.9848,-0.47884,1
-4.6836,1.3788,0
3.53,0.54468,1
0.79351,2.5238,1
-1.9454,-0.25822,0
-2.154,1.4161,0
-0.090558,-0.055007,0
-0.70929,3.9683,1
4.7128,-0.94761,1
0.64268,3.3031,1
0.89509,1.1365,1
3.9171,0.58008,1
-1.1343,4.6075,1
2.6637,-0.82009,1
2.3282,0.30645,1
-2.5638,0.3164,0
0.84133,0.50267,1
0.84188,2.7387,1
1.6033,1.3034,1
2.0383,-0.33622,0
3.5315,-1.6066,1
3.2349,-0.54215,1
-4.6797,1.2069,0
2.7318,1.0544,1
2.3688,1.2199,1
2.2,0.043545,1
2.5897,3.0399,1
0.64186,-0.89462,0
0.052364,-0.070351,0
-0.69989,0.2769,0
-3.1101,1.3835,0
-1.4183,0.62663,0
-3.2854,-0.4734,0
1.1308,2.3317,1
1.8056,0.56272,1
-3.6273,0.56796,0
1.9285,0.75215,1
-3.8868,1.1557,0
2.387,0.19424,1
1.6138,1.6877,1
2.6758,2.1551,1
1.398,1.9415,1
-0.88332,1.4138,1
0.11796,-0.58711,0
-1.1854,0.76994,0
0.60888,-0.52729,0
2.3646,-0.073304,1
-0.83861,-0.87739,0
-1.9154,0.13935,0
-2.3409,0.67317,0
0.040439,1.6251,1
3.1186,-2.7225,1
-2.4624,0.80218,0
2.0149,-0.088812,1
4.161,0.34432,1
2.1009,0.9477,1
-1.3579,0.47344,0
2.0418,2.7422,1
-1.7188,-0.23201,0
-0.22324,2.1478,1
0.99632,-2.3871,1
1.8016,0.85888,1
0.7372,-0.85132,0
-0.94048,0.91715,0
3.6042,-1.7811,0
0.66876,3.3342,1
-2.1574,2.8819,1
1.4245,0.69811,1
-4.4406,0.70039,0
-1.0724,2.6171,1
-1.7369,1.1633,0
2.1409,0.080164,0
3.5857,0.37091,1
-3.9173,1.2512,0
0.085,2.199,1
6.0162,-2.0821,1
0.16125,0.78023,0
1.5275,0.062572,1
4.0441,-2.5708,1
-0.64297,3.9498,1
0.88309,0.37418,1
-3.2743,0.16205,0
1.6834,-0.14358,1
3.5855,0.55954,1
-0.15365,0.19851,0
3.7716,0.37337,1
-1.0107,-0.013264,0
2.149,-0.11955,1
-2.3115,0.75136,0
0.46231,-0.4084,0
2.7026,-0.59232,1
3.691,-0.76601,1
-0.39458,-1.2222,0
-0.049603,-0.51216,0
5.8815,-1.0346,1
-2.2133,1.892,1
0.34473,1.184,1
-3.5776,0.97146,0
1.4054,-1.0885,0
-6.3033,0.96702,0
1.684,0.76492,1
-0.0065269,1.4139,1
1.9231,2.7897,1
0.76057,1.9239,1
3.8459,-2.2729,1
-2.0671,0.31301,0
2.8544,1.4276,1
-1.5082,0.87037,0
4.3529,-0.24136,1
2.209,0.30386,1
3.7708,1.0816,1
1.2069,0.86987,1
2.3175,-0.17381,1
-4.5302,2.1365,0
1.7173,0.67502,1
-2.7955,-0.83353,0
-4.2847,0.096196,0
-1.1687,0.78545,0
-3.5837,-0.77106,0
0.49631,1.0761,1
-1.1215,0.94802,0
1.9471,2.3189,1
-0.46868,-0.64625,0
1.6418,-0.36341,0
-0.071411,0.82812,1
1.8604,2.6901,1
0.72756,1.0836,1
0.80942,2.1718,1
-4.8003,1.3635,0
2.921,-0.077032,1
2.5106,3.6934,1
2.6355,-1.281,1
-1.862,5.1006,1
-3.3509,1.6393,0
1.2484,1.7437,1
-0.45895,-0.39724,0
-1.5743,0.61017,0
3.087,0.87809,1
-2.8105,1.2105,0
-1.7207,-0.031137,0
1.0083,1.6927,1
-0.15882,-0.022698,0
-2.5648,1.1577,0
-3.1661,0.42492,0
3.2297,-0.51076,1
2.7503,-0.6281,1
-2.0552,0.29783,0
-1.2786,-0.029577,0
-3.6566,0.9371,0
-3.152,0.77908,0
-3.6544,-0.29095,0
-0.86929,1.1215,0
2.4587,-1.3661,1
2.3812,0.12989,1
1.0503,2.3487,1
-1.4776,1.4225,0
0.58628,0.78251,1
0.80393,0.46702,1
-0.72421,0.55433,0
-3.2082,-0.15596,0
2.8921,1.1361,1
-0.24247,0.76178,0
-2.2476,0.89171,0
-2.785,0.32829,0
-3.5782,0.29967,0
1.8893,1.7262,1
1.4326,-1.2272,1
-1.2271,0.46466,0
3.6915,0.51578,1
0.013367,2.0548,1
1.6202,-0.48327,1
4.0987,0.88023,1
3.8182,0.94804,1
-2.2126,-0.017399,0
1.2102,-0.10447,0
1.9376,-1.4782,1
-1.0726,0.097165,0
0.59099,0.56214,0
0.88605,-0.2759,1
3.5835,-0.28901,1
-2.0593,-0.30176,0
3.2661,-0.15335,1
-1.5832,0.76411,0
0.38955,0.29151,1
-5.1683,0.12552,0
-1.4374,0.49838,0
-2.3618,1.1867,0
0.25389,0.20278,1
1.5328,2.0442,1
-1.905,-0.42323,0
-1.9037,-0.22261,0
1.8082,-0.22167,1
3.2698,0.34486,1
-0.052034,-0.1773,1
-4.4867,1.6056,0
4.9664,-0.79486,1
2.3734,1.2085,1
0.47755,2.7955,1
-3.4327,0.14286,0
-0.73155,0.18002,0
-1.0464,0.72443,0
2.1279,1.1887,1
-1.079,-0.24832,0
-0.89739,0.096223,0
1.3435,-0.43064,1
-1.819,-0.11352,0
-0.18651,0.68604,0
3.9772,-0.74887,1
-1.379,0.47578,0
0.17395,-0.55902,0
-3.0693,-0.23611,0
-5.482,1.6072,0
3.6835,0.10501,1
-3.4978,3.025,1
2.5029,0.83564,1
-0.77056,-0.63978,0
0.19575,1.4414,1
-0.35675,2.6409,1
-2.5139,1.722,1
0.91354,0.025216,0
-2.5927,-0.10299,0
0.11735,3.1954,1
1.9789,-0.77511,1
1.66,0.31511,1
-3.4038,0.39079,0
-2.225,-0.90875,0
-2.183,-0.43614,0
3.4087,0.68592,1
-0.40409,2.5213,1
0.42216,-0.081925,1
4.7701,0.89825,1
0.33838,2.1186,1
1.4629,0.21634,1
-4.7032,0.71037,0
-4.8792,1.5133,0
-0.45219,-0.23461,0
-2.6047,0.62019,0
3.06,1.2934,1
1.9252,2.0978,1
-0.67557,2.6729,1
-5.7738,0.84791,0
-2.9982,1.3415,0
0.51435,1.2116,1
4.9424,0.12344,1
2.2645,0.90841,1
4.3248,-0.80516,1
1.8465,-1.2692,1
0.36106,0.67541,1
2.7196,-0.017156,1
-2.4514,0.70734,0
-0.83109,-1.269,0
-2.8506,0.6139,0
-1.0744,3.015,1
1.1141,1.8889,1
-1.601,0.44904,0
-0.075558,1.5458,1
0.93767,0.14565,0
3.4559,1.5125,1
-1.3361,2.5766,1
2.1179,0.29164,1
2.727,0.43017,1
-3.2385,1.0452,0
4.065,-0.22956,1
2.7908,1.9363,1
-0.032387,0.46226,0
1.8967,-0.66195,1
1.5528,0.54886,1
-0.094684,0.074682,0
-0.90711,0.83172,0
-1.2596,2.7123,1
-0.092359,-0.52334,0
2.0578,0.056699,1
-1.2867,0.38886,0
2.633,3.6225,1
-0.17335,2.1824,1
4.8024,-2.7826,1
2.0826,0.043247,0
0.96684,0.54493,1
-2.4813,0.89718,0
4.0399,-1.2299,1
2.4825,0.6884,1
-2.2755,1.0414,0
0.47439,1.8125,1
3.0259,-1.7771,1
0.80939,-0.17014,1
-0.53708,2.3849,1
-1.4417,2.7525,1
1.318,-0.42128,1
2.363,2.7045,1
-0.79479,0.47296,0
-0.086145,0.44877,0
-4.3746,1.5101,0
1.6102,0.04886,1
2.5442,-0.66871,1
2.2546,-0.4357,1
3.0514,0.057319,1
0.50267,2.0134,1
0.90208,-0.13417,0
-3.8825,0.23584,0
3.4538,1.5847,1
-1.3371,0.070048,0
-1.5726,-1.1853,0
3.2394,0.43547,1
-3.3836,0.9689,0
-3.8318,0.98216,0
3.5048,1.884,1
1.5844,-0.1188,1
0.87492,2.7094,1
-2.5044,0.0088673,0
-1.4866,-0.70766,0
-2.3372,0.6744,0
0.92895,0.46355,1
-1.1973,0.27723,1
-3.4028,0.95927,0
5.4386,-2.7324,1
-1.939,0.26949,0
2.6169,-0.11395,1
-4.474,0.53254,0
0.0068489,2.1425,1
-2.0808,0.8878,0
2.3912,3.8801,1
0.82681,1.1535,1
-2.7579,0.91263,0
-2.8879,1.2596,0
0.70472,-0.22667,1
-4.4449,0.94671,0
2.182,2.6835,1
-1.536,0.95532,0
3.8163,0.39991,1
0.79867,2.1945,1
0.1831,0.15165,0
-1.3167,0.84448,0
-0.029383,2.6895,1
-0.5773,0.33535,0
-1.6178,-0.36407,0
-1.9694,0.67955,0
-2.269,0.54377,0
1.0753,1.2844,1
2.2337,3.0262,1
-1.7323,-0.40975,0
-2.2275,1.0743,0
-0.203,-1.584,0
-0.55043,0.12606,0
0.085341,2.6592,1
2.0452,2.4587,1
-0.58327,0.66211,1
4.7737,0.25392,1
1.0791,-1.1995,0
-3.3632,0.84616,0
-0.54944,0.12397,0
1.9549,-0.042503,1
0.46516,-0.4018,1
2.4583,-0.48125,1
1.0173,2.034,1
-0.84667,0.39453,0
0.69885,2.4591,1
3.8434,-0.029124,1
1.3223,-0.79233,0
0.72073,-2.1922,0
-0.88557,1.8281,0
-1.5936,-0.71234,0
6.6822,-1.2773,1
1.4095,4.4668,1
2.5835,0.45273,1
-1.3323,0.26717,0
-3.4387,1.699,0
1.9855,-1.6358,1
-4.1649,2.9621,0
3.3237,-1.2586,1
3.3065,-0.20653,1
-1.1301,1.9312,1
-3.3233,0.4672,0
2.4225,0.54861,1
3.7999,-0.20201,1
0.94404,1.0502,1
-4.4496,1.2157,0
7.0166,-2.4634,1
-1.0768,0.64356,0
-1.2741,4.7586,1
-4.743,0.9892,0
-1.1162,-0.63098,0
2.5035,2.3395,1
-3.2862,1.4119,0
1.2128,-0.60657,1
-4.528,0.94742,0
-0.12215,2.1584,1
4.4178,-0.3673,1
-1.6504,0.82029,0
2.8312,-0.076994,1
0.75011,1.3144,1
-0.37174,2.8278,1
2.6224,1.18,1
-5.0755,1.404,0
3.2315,0.32272,1
1.8597,0.25127,1
6.0654,-2.6611,1
2.8313,0.66253,1
-3.3202,0.87748,0
0.77648,2.5948,1
1.4402,-0.83528,0
-2.5568,-0.53432,0
-0.11386,-0.60109,0
-0.42837,-0.94131,0
4.1739,0.79115,1
-0.45244,-0.33832,0
4.1488,0.25849,1
1.4198,0.85853,1
-0.95713,1.1398,0
0.63698,3.1881,1
-4.6949,1.6601,0
-1.255,0.1041,0
3.6113,1.0631,1
2.3215,2.7937,1
-0.11464,0.26016,0
-2.286,-0.90026,0
-1.2251,-0.2379,0
3.2642,-0.0087015,1
1.2689,0.64139,1
3.4301,1.6104,1
-2.6138,2.1451,0
-1.2883,-0.34562,0
4.1863,-0.16426,1
1.0127,2.2968,1
-1.2402,4.0075,1
1.1037,3.1744,1
0.97906,3.5933,1
0.11735,3.6565,1
-0.026997,0.90765,1
-0.06882,0.12922,0
0.27924,2.84,1
-3.7424,0.69446,0
-1.4396,1.3414,0
1.3064,1.0553,1
1.6922,-0.7318,1
3.4476,1.5728,1
2.8833,1.9055,1
-3.8098,-0.58225,0
-3.0711,0.1427,0
-0.74634,-0.16541,0
-0.75717,0.66788,0
-2.2012,0.84857,0
1.5691,1.3113,1
1.3399,0.6936,1
2.6775,0.38982,1
2.5353,-0.54393,1
-0.096064,1.2229,1
-1.8263,0.60633,0
1.8911,0.37805,1
1.9553,3.3279,1
-5.7865,2.3608,0
1.8753,1.3716,1
5.0769,0.71121,1
-1.5869,2.3041,1
-3.3257,0.40633,0
1.3268,1.7668,1
2.8587,-0.99132,1
3.0535,-0.22944,1
0.5728,-0.32224,1
-2.833,0.88605,0
4.1931,1.9643,1
-0.65135,1.8956,1
0.97443,-0.39854,0
0.74409,1.0308,1
-1.428,1.4621,0
-2.1912,-0.23113,0
2.4001,-0.50641,1
-2.5266,1.5915,0
0.046197,1.5683,1
-0.70997,0.97261,0
2.3219,2.5064,1
0.72955,0.060596,0
1.2776,0.33442,1
-1.3781,2.5944,1
-2.6486,0.18794,0
3.3708,0.6259,1
2.3353,1.5353,1
0.43107,3.1274,1
0.50508,3.2663,1
1.9334,1.9823,1
2.6278,1.019,1
2.3433,-0.28347,1
-0.48419,-1.0262,0
-2.5094,0.30988,0
-0.17223,1.45,0
2.1529,1.6316,1
-0.77014,0.84344,0
-1.7263,3.5579,1
-1.6589,0.43748,0
1.9067,1.6656,1
-3.243,-0.1265,0
-1.2824,-0.042277,0
2.4972,0.62025,1
-1.2224,0.14863,0
-0.49388,1.2156,1
0.31676,0.95005,1
-2.993,-0.74136,0
3.4485,1.7843,1
0.344,-0.54482,1
1.867,0.47528,1
0.91427,-1.2291,0
-5.8449,2.0589,0
2.8938,-1.4678,1
0.48631,2.6976,1
-1.3383,0.24751,0
2.0044,1.967,1
-1.5908,-0.11321,0
0.72264,2.6648,1
0.91776,2.6631,1
3.7837,0.70091,1
2.2975,2.1413,1
-1.7357,-0.13804,0
0.6367,-1.0341,0
-0.73277,1.4961,1
-0.52243,1.0208,1
3.8975,-1.3889,1
0.22886,1.1828,1
-2.6274,-0.91259,0
3.3339,-0.43335,1
-3.7554,0.75608,0
1.8146,-0.73994,1
-5.6514,1.1355,0
2.024,0.63382,1
5.2603,-0.065872,1
-0.18273,-0.35644,1
-0.21764,3.6747,1
2.6129,0.49042,1
-0.24473,-0.3978,0
-0.959,1.371,1
-1.1114,-0.59384,0
2.198,0.67308,1
1.9992,2.8732,1
-1.4108,0.65178,0
1.1507,0.70555,1
0.90915,-0.69878,0
2.3717,-1.8579,1
-1.6732,-0.40693,0
2.1911,1.434,1
0.47295,0.65414,1
-0.31734,2.6295,1
-3.4966,1.7477,0
1.0511,2.3831,1
3.5135,-0.21293,1
-0.5407,3.1904,1
-3.5374,0.28141,0
-0.72268,1.5163,1
-2.4709,-0.93471,0
1.9794,-0.3053,1
2.6991,0.3445,1
-3.1685,0.77386,0
-1.2973,0.43654,0
2.0674,1.4781,1
-0.46996,0.52618,0
1.7796,-0.36152,0
2.546,-2.6819,1
0.85117,-0.9047,0
-0.50401,0.14469,0
-1.5865,-0.56218,0
4.7842,-0.85791,1
1.9247,0.97399,1
1.2384,1.7971,1
-0.7949,-0.14927,0
3.9291,-2.5108,1
-2.0574,0.00040478,0
-0.98678,0.62289,0
-0.22473,4.1722,1
-3.1425,-0.45174,0
-4.0168,1.6936,0
2.3946,1.3834,1
-1.1273,0.96886,0
-1.4737,0.27053,0
-2.1961,1.921,0
-0.26364,-0.2555,0
3.9544,-0.23775,1
2.8446,-0.36464,1
1.7986,0.94645,1
2.6926,0.31333,1
-1.292,-2.0546,0
-0.37949,0.5195,0
2.0708,2.3143,1
2.88,-1.1478,1
-2.6363,-0.26121,0
-0.22322,2.3728,1
5.1641,0.68115,1
-4.487,1.6382,0
2.0577,0.60472,1
-4.3804,1.0611,0
-3.1041,1.0562,0
-1.2602,-0.12696,0
-0.73523,0.47633,0
-1.4617,0.75886,0
-2.4008,0.6213,0
3.924,-0.90845,1
1.6003,-0.62937,0
-2.6415,0.36183,0
1.0235,3.6346,1
3.1339,-0.059295,1
3.566,0.30991,1
-1.7121,0.10064,0
1.9788,2.935,1
3.6718,-0.31978,1
-1.3902,2.7047,1
-0.6237,-0.30431,0
1.0517,-0.83427,1
-1.6193,-0.48042,0
-1.7033,-0.88183,0
-2.0983,0.60466,0
2.4418,-0.084641,1
-1.3307,0.95689,0
-3.6811,1.1081,0
0.31018,-0.10022,0
-0.016174,4.4299,1
-3.8679,4.5439,1
2.9518,-0.12753,1
-2.6556,-0.042616,0
-1.0122,0.95061,0
-3.0739,-0.66022,0
0.14085,3.8703,1
-5.747,1.8059,0
0.26759,-0.33131,1
1.1184,0.27233,1
3.2713,2.593,1
3.9032,-0.26382,1
-2.1633,0.019341,0
0.63596,0.55566,1
1.6166,2.4492,1
1.3418,1.9537,1
6.0678,-0.98965,1
0.10101,5.0076,1
-4.5254,1.7806,0
-0.86534,-0.26988,0
3.952,0.60447,1
2.5307,0.48738,1
2.0194,1.1146,1
1.5436,1.6545,1
1.8075,-0.70712,1
2.6579,-0.78189,1
0.95524,3.2226,1
-1.7397,0.17165,0
0.20208,0.35554,0
2.3434,-0.12278,1
4.8196,0.76056,1
-1.6263,-0.23708,0
1.1421,-1.3276,0
2.8512,-0.65721,1
-1.5651,-0.3063,0
2.4632,-2.7444,1
2.4566,-1.1046,1
1.5341,0.20774,1
-0.35284,2.6314,1
1.5951,0.022209,1
-3.1816,0.15883,0
2.9798,2.0251,1
-1.3184,0.39777,0
-2.8836,0.96996,0
4.6778,-1.4752,1
3.0241,-0.30905,1
0.032079,3.4356,1
1.1835,1.1807,1
-0.41688,3.0913,1
-0.63022,1.322,0
-2.9358,-0.12911,0
-1.0018,0.72612,0
2.332,-0.44535,1
-2.9385,0.21055,0
1.4373,0.75974,1
1.4279,0.22275,1
-0.68442,-0.50195,0
3.283,0.56007,1
-3.8682,-0.16916,0
-3.5577,2.3081,0
1.4154,-0.37376,0
4.8223,-1.4299,1
-1.8629,0.065003,0
-0.18875,0.16164,0
2.3358,0.66238,1
-2.4241,0.22462,0
-1.061,0.042428,0
5.414,-0.61336,1
-1.5884,-0.49847,0
-1.1571,0.48456,0
1.2279,-0.54944,0
-2.3458,1.3278,0
1.8755,-0.60622,1
3.4363,-0.2705,1
-2.0751,3.048,1
0.19608,-0.68791,0
0.094864,0.1332,0
-0.64633,1.5135,1
-4.4285,-0.29761,0
-1.4134,0.84545,0
5.0769,-1.74,1
4.1609,0.26317,1
-2.7036,0.078728,0
-4.0366,1.0158,0
2.9796,0.091395,1
-2.2194,1.2138,0
0.19212,1.7954,1
-2.7267,1.4984,0
-2.4843,0.5148,0
1.9041,-0.10669,1
-1.3353,0.70679,0
5.36,0.70853,1
-0.79401,-0.10515,0
-1.9333,0.79959,0
-2.655,1.5344,0
3.5946,-2.1753,1
-3.3436,0.19229,0
-2.0346,-0.063017,0
-0.4011,1.1173,0
3.1655,-2.7581,1
-0.32129,1.3,1
-2.5512,0.38437,0
0.30373,0.78278,1
2.0044,-1.3737,1
2.1957,0.28776,1
2.6663,0.19977,1
-1.2788,0.28458,0
-1.5601,-0.086716,0
-2.5459,1.4714,0
1.9476,1.9559,1
-5.9921,2.0427,0
1.4219,1.1747,1
2.3693,1.739,1
5.263,-1.3808,1
1.6647,-0.27063,1
1.6284,1.4331,1
0.57911,1.6676,1
0.37567,-0.93498,0
-1.2199,-0.62545,0
-0.63382,-1.8832,0
0.44169,-0.13827,0
-1.8101,-0.10586,0
-1.1353,1.7661,0
-3.8604,-0.066905,0
2.1677,-0.45751,1
-0.63239,0.41605,0
0.4437,1.5942,1
-3.24,-0.10149,0
1.1025,2.1972,1
-1.9338,1.1918,0
-1.4937,-0.76741,0
1.4752,2.6096,1
-4.9152,1.7353,0
0.9153,-0.76172,0
4.4027,-0.89322,1
1.6441,0.4265,1
0.087741,0.12415,0
2.5615,0.25524,1
-2.4421,0.11989,0
0.67508,2.0044,1
1.9888,-0.31287,1
-2.3001,1.6662,0
-2.7236,1.1082,0
-4.3,0.42407,0
1.4884,3.3868,1
0.52843,3.354,1
1.4852,-0.39386,1
-1.1658,0.33366,1
-1.7501,-0.083355,0
-3.0464,0.40128,0
-3.7346,0.66649,0
3.9231,1.2417,1
-2.7127,-0.031765,0
2.1219,-0.92395,1
0.84695,0.86364,1
1.8603,-0.75472,0
-2.2905,0.78102,0
2.7215,1.4101,1
0.84858,1.8445,1
-2.0335,0.26813,0
-1.0477,-0.36944,0
0.54667,3.2405,1
-2.9909,1.3838,0
2.5622,0.61311,1
-0.70462,4.8736,1
2.5336,-0.75408,1
-2.841,2.7069,0
2.3705,-2.4474,1
3.31,-0.66871,1
0.78391,2.2192,1
-1.5292,1.357,0
-4.3336,0.34859,0
4.3174,-1.4499,1
1.2519,-1.2848,1
1.4602,2.7498,1
-3.0541,1.1958,0
1.6314,0.61476,1
-4.4259,-0.35878,0
-4.4234,1.3103,0
-3.1192,0.21011,0
1.7975,2.8073,1
1.7584,3.1938,1
1.5453,0.57838,1
1.005,-1.3085,1
3.8795,-2.2923,1
2.3647,0.25597,1
-1.5515,3.035,1
-0.61132,-0.80775,0
3.341,-0.89296,1
-4.7893,1.8031,0
1.4743,2.1217,1
0.35062,1.41,1
-2.3364,0.85927,0
-3.7725,1.1553,0
0.74152,2.3231,1
-1.9042,0.72277,0
-1.2103,-0.46133,0
-0.73063,0.74008,0
-3.0128,1.4946,0
-2.7571,1.356,0
1.782,-0.26823,1
-4.7419,1.5928,0
1.0969,-0.27627,1
1.3318,-0.72136,0
-0.88281,-0.1071,0
-4.3647,0.24076,0
-3.3217,0.21232,0
3.7454,-1.1243,1
-1.3912,0.95341,0
3.0318,2.0771,1
4.1907,-0.49797,1
0.23979,-0.82411,0
-3.8852,1.1084,0
0.24952,0.1512,0
-0.10001,-0.7339,0
2.4521,3.4765,1
-0.77165,-2.4658,1
3.4385,-1.2343,1
1.0451,-0.29634,1
0.38283,-0.91691,0
-1.9028,0.26331,0
1.3456,0.49649,1
-3.1633,1.5926,0
-4.2913,1.091,0
2.3755,-1.576,1
4.4361,-1.6269,1
-2.5775,1.1456,0
0.15559,0.69405,0
2.6913,1.7549,1
1.9008,1.9481,1
0.43666,4.1609,1
0.012993,1.5468,0
-0.34328,2.1483,1
0.46237,1.4831,1
4.8476,0.1848,1
-2.4312,0.98409,0
2.4308,0.88442,1
2.0335,0.345,1
-2.9676,0.52581,0
3.2645,1.8836,1
0.094599,2.6723,1
3.0754,0.72101,1
-4.0761,0.60988,0
0.28917,1.2193,1
0.11517,0.0024291,1
0.57864,2.8242,1
4.9466,0.45104,1
-3.5398,0.27386,0
5.5587,-0.19025,1
-0.078502,1.4291,1
-3.746,0.32031,0
0.36179,-0.63632,0
-2.2846,0.090849,0
-1.7692,0.58922,0
1.6762,-1.8186,1
0.55705,-0.10853,0
2.011,0.72606,1
1.4456,-0.2806,0
-0.87761,0.3264,0
-1.4365,0.053022,0
-1.6471,0.099208,0
4.7452,0.44409,1
-0.83764,0.74681,0
2.1492,1.5076,1
-3.8845,0.60306,0
3.7456,1.8845,1
2.4503,1.7165,1
1.545,-0.43835,1
-2.5701,-0.32145,0
4.0573,0.4218,1
-3.2526,1.792,0
0.47492,-0.97097,0
0.98051,2.5347,1
1.1753,1.0625,1
-2.7939,2.5103,1
-0.029143,3.2527,1
-1.2396,-0.48437,0
-0.82358,-0.13602,0
-2.7005,1.7398,0
3.6196,-0.32604,1
-3.3719,0.86093,0
2.6895,0.80555,1
-1.5419,-0.0099347,0
-1.3269,-1.0511,0
3.6829,-0.53742,1
-0.39819,0.34701,0
2.4541,-0.73095,1
1.0295,1.5095,1
-2.3076,-0.041613,0
-3.6406,1.3846,0
-3.0266,1.286,0
2.8354,0.038397,1
-2.2083,4.8421,1
-2.4413,0.27008,0
-1.9602,1.0297,0
2.3223,-0.40063,0
0.85075,1.6282,1
0.5333,2.0973,1
3.3314,0.20398,1
-0.96547,1.5567,1
3.0432,-0.24178,1
0.67491,2.2069,1
-2.0927,-1.704,1
2.9558,0.73921,1
-3.5872,1.4585,0
-4.3995,0.41055,0
3.528,-0.40133,1
-2.4469,0.55602,0
1.1013,1.1269,1
-1.3512,0.47946,0
-0.36382,3.2521,1
-0.90905,-0.34236,0
2.2557,0.87801,1
1.2191,0.97713,1
-2.6654,0.077039,0
0.11197,3.7494,1
3.1998,0.16727,1
-0.81954,0.71223,0
-2.8175,0.44246,0
-1.6177,0.27226,0
1.8704,0.68687,1
-0.92453,0.33155,0
-0.70523,-0.054249,0
1.2589,1.8806,1
2.6623,-2.1533,1
3.5769,1.6045,1
1.2608,0.17305,1
-1.0954,0.60331,0
-1.1256,1.6925,1
0.9386,2.245,1
-2.1708,-0.60475,0
0.88824,-0.84085,1
-5.3886,2.0438,0
-2.2445,0.54024,0
1.5056,0.8402,1
1.7974,-0.012083,1
5.1425,-0.88323,1
-0.11987,4.1497,1
-2.3788,0.38025,0
3.1162,-0.47963,1
-1.1994,-0.33563,0
3.5212,-3.0904,1
-1.751,0.64678,0
0.67612,2.2888,1
3.5282,-0.24566,1
3.0282,-1.0787,1
2.0675,2.7692,1
2.6035,-0.10191,1
0.3878,-0.39979,0
-3.0527,0.48885,0
-3.5695,0.88761,0
-0.79058,0.051018,0
-0.55916,0.58017,0
0.44075,1.0732,1
2.0667,0.5913,1
-1.5803,-0.59255,0
2.1784,-0.19243,0
2.5517,-0.80886,1
2.9727,0.77956,1
-3.1893,1.1205,0
0.83613,-0.37158,0
-0.80511,-0.022183,0
-3.5864,1.0837,0
-3.128,0.23201,0
-0.14741,0.14146,0
-1.4989,-0.18172,0
-0.093247,2.2033,1
2.2547,0.57886,1
-2.3538,-0.18237,0
-1.7337,0.76727,0
-1.6607,0.17017,0
-1.2216,0.62899,0
3.0707,0.77572,1
-1.2317,1.5396,0
2.0983,0.88574,1
-0.42318,-0.1275,0
-0.42107,2.6792,1
0.85351,2.5347,1
-1.0414,0.38788,0
3.1097,-0.36389,1
2.1175,-0.65878,1
3.2482,0.97526,1
-0.56355,-0.40473,0
-2.4826,1.1996,0
-0.016048,-0.21512,1
-0.050017,-0.61951,0
-1.1455,-0.61466,0
1.3341,2.7939,1
-2.0551,1.859,0
4.1805,-0.30574,1
4.3113,-0.26583,1
2.8489,0.3625,1
-1.3243,1.25,0
2.7934,-0.00049929,1
1.2327,-0.73477,1
-3.1363,1.3469,0
0.58977,-0.68068,0
-0.6875,1.6525,0
-1.1976,0.6008,0
2.7656,0.10397,1
-1.6973,-0.35182,0
3.0702,2.1156,1
-0.495,-0.79098,0
-1.8578,0.58991,0
-2.2857,-0.16162,0
2.918,-0.62431,0
-2.0583,1.1883,0
-3.916,0.17654,0
-0.11084,4.4236,1
3.1947,0.97751,1
2.7552,0.40802,1
1.2884,2.8737,1
2.317,-0.52424,1
-0.20674,3.1622,1
-1.5631,1.0357,0
3.6666,-0.02185,1
-2.4317,-0.75194,0
-3.1296,-0.024225,0
-0.036083,3.5295,1
3.0325,-0.4999,1
-3.4596,0.4063,0
-2.6561,0.15283,0
-5.0536,0.62233,0
1.8407,2.6895,1
2.2295,1.338,1
-2.1148,-0.82684,0
-2.9149,0.21512,0
-1.0762,0.31152,0
2.9817,0.087734,1
1.1975,2.4117,1
0.24672,1.2283,0
1.9745,1.7545,1
-0.16234,-0.31184,0
-0.80989,1.0187,1
3.5433,1.1723,1
1.5418,1.8751,1
1.1335,-0.41989,0
-3.0084,0.93452,0
5.786,-0.64914,1
5.3824,-2.1932,1
2.28,1.5834,1
-0.44637,3.2581,1
2.4301,0.59487,1
-2.2268,-0.37765,0
-2.0769,0.19332,0
2.2517,1.7234,1
0.88808,0.39332,0
-0.3365,1.5788,1
2.0654,0.34461,0
-2.2064,-0.16247,0
2.5163,1.6733,1
2.8781,0.76979,1
-0.28986,3.185,1
-2.624,0.43194,0
-2.4389,0.26905,0
-3.3699,0.68475,0
1.4681,0.3651,1
4.7629,-1.7101,1
4.0499,-0.78714,1
3.0063,-0.78299,1
-3.1912,1.9176,0
0.5135,2.2532,1
-1.5055,2.6314,1
-1.3549,0.5519,0
4.2907,-0.72016,1
1.3943,-0.80924,1
0.53935,0.23001,0
3.1226,0.35437,1
0.074036,2.248,1
2.0963,1.2733,1
2.8536,-0.36629,1
4.8195,-2.0044,1
1.5614,1.2208,1
-1.6225,0.38832,0
-2.5725,0.76928,0
-2.6853,-0.55988,0
-2.0671,0.48304,0
2.0291,1.1005,1
2.245,0.83449,1
3.5386,0.29528,1
-3.5016,1.7152,0
-1.7961,0.345,0
2.6264,-2.4111,1
-2.418,0.013235,0
-4.1022,1.6946,0
0.3883,0.8537,0
1.578,1.5479,1
0.27541,-2.0972,0
-0.14837,0.45305,0
2.1101,-0.32749,1
3.4483,-0.21355,1
0.52092,0.57419,1
2.2367,1.5724,1
0.25439,-0.07051,0
1.8016,1.7857,1
0.79141,-0.66001,0
-2.5873,-0.26029,0
0.97907,1.2056,1
-2.9382,2.5566,0
-1.502,1.0081,0
1.3651,2.5315,1
3.1852,-0.43647,1
0.16664,-0.81933,0
1.3293,0.34877,1
2.0393,-0.52758,1
2.692,1.3099,1
1.4762,2.2731,1
-2.6428,1.0945,0
-0.0058664,0.73549,1
2.4049,1.0369,1
-0.84426,0.0012823,0
4.78,-0.83961,1
0.88597,-1.5669,0
-1.0782,-0.475,0
4.2843,1.1235,1
2.0647,-0.32211,1
-2.7909,1.3975,0
2.2211,1.0971,1
1.8393,1.4692,1
-4.4223,1.0738,0
0.34521,-0.93973,1
-0.69776,-0.34803,0
-0.0092187,2.7145,1
2.3174,2.6725,1
2.5133,-0.50618,0
2.961,-0.78896,1
-1.4945,-0.13479,0
0.84851,1.8834,1
-4.4373,0.33174,0
2.0841,-1.0131,1
0.1209,-0.48006,0
-3.1619,1.4314,0
1.3682,0.96997,0
-0.86599,0.26143,0
3.2119,-0.2512,1
4.577,0.65662,1
-2.0699,1.1765,0
-3.8626,0.58983,0
2.4203,1.6289,1
1.4516,2.5766,1
-4.2179,0.20213,0
-1.499,-1.5803,0
0.28244,3.4988,1
-0.66881,0.13146,0
0.76642,0.13253,1
-1.1439,1.2682,0
1.6547,0.69158,1
-0.5757,0.20948,1
2.5496,-0.13745,1
